Title,TrackCount
...And Justice For All,9
20th Century Masters - The Millennium Collection: The Best of Scorpions,12
"A Copland Celebration, Vol. I",1
A Matter of Life and Death,11
A Real Dead One,12
A Real Live One,11
A Soprano Inspired,1
A TempestadeTempestade Ou O Livro Dos Dias,15
A-Sides,17
Ace Of Spades,15
Achtung Baby,12
Acústico,22
Acústico MTV,21
Acústico MTV [Live],17
"Adams, John: The Chairman Dances",1
Adorate Deum: Gregorian Chant from the Proper of the Mass,1
Afrociberdelia,23
Album Of The Year,12
Alcohol Fueled Brewtality Live! [Disc 1],13
Alcohol Fueled Brewtality Live! [Disc 2],5
All That You Can't Leave Behind,11
Allegri: Miserere,1
American Idiot,13
Angel Dust,14
Ao Vivo [IMPORT],19
Appetite for Destruction,12
Aquaman,1
Are You Experienced?,17
Armada: Music from the Courts of England and Spain,1
Arquivo II,12
Arquivo Os Paralamas Do Sucesso,16
As Canções de Eu Tu Eles,14
Audioslave,14
Axé Bahia 2001,14
B-Sides 1980-1990,15
BBC Sessions [Disc 1] [Live],14
BBC Sessions [Disc 2] [Live],10
Bach: Goldberg Variations,1
Bach: Orchestral Suites Nos. 1 - 4,1
Bach: The Brandenburg Concertos,1
Bach: The Cello Suites,1
Bach: Toccata & Fugue in D Minor,1
Bach: Violin Concertos,1
Back to Black,12
BackBeat Soundtrack,12
Balls to the Wall,1
Bark at the Moon (Remastered),1
Bartok: Violin & Viola Concertos,1
Barulhinho Bom,18
"Battlestar Galactica (Classic), Season 1",24
"Battlestar Galactica, Season 3",19
Battlestar Galactica: The Story So Far,1
Beethoven Piano Sonatas: Moonlight & Pastorale,1
Beethoven: Symhonies Nos. 5 & 6,1
Beethoven: Symphony No. 6 'Pastoral' Etc.,1
Berlioz: Symphonie Fantastique,1
Beyond Good And Evil,12
Big Ones,15
Bizet: Carmen Highlights,1
Black Album,12
Black Sabbath,7
Black Sabbath Vol. 4 (Remaster),10
Blizzard of Ozz,2
Blood Sugar Sex Magik,17
Blue Moods,13
Body Count,17
Bongo Fury,9
Brave New World,10
By The Way,16
Cafezinho,14
Cake: B-Sides and Rarities,1
Californication,15
Carmina Burana,1
Carnaval 2001,14
Carried to Dust (Bonus Track Version),1
Carry On,14
Cesta Básica,10
"Charpentier: Divertissements, Airs & Concerts",1
Chemical Wedding,11
Chill: Brazil (Disc 1),17
Chill: Brazil (Disc 2),17
Chopin: Piano Concertos Nos. 1 & 2,1
"Chronicle, Vol. 1",20
"Chronicle, Vol. 2",20
Cidade Negra - Hits,14
Coda,8
Come Taste The Band,9
Compositores,15
Contraband,13
Core,12
Cássia Eller - Coleção Sem Limite [Disc 2],15
Cássia Eller - Sem Limite [Disc 1],15
Da Lama Ao Caos,13
Dance Of Death,11
Dark Side Of The Moon,9
Deep Purple In Rock,7
Deixa Entrar,14
Demorou...,12
Diary of a Madman (Remastered),1
Diver Down,12
Djavan Ao Vivo - Vol. 02,13
Djavan Ao Vivo - Vol. 1,13
Duos II,1
Elgar: Cello Concerto & Vaughan Williams: Fantasias,1
Elis Regina-Minha História,14
Emergency On Planet Earth,10
English Renaissance,2
Every Kind of Light,2
Faceless,12
Facelift,12
"Fauré: Requiem, Ravel: Pavane & Others",1
Fear Of The Dark,12
Fireball,7
For Those About To Rock We Salute You,10
Frank,11
From The Muddy Banks Of The Wishkah [Live],17
Garage Inc. (Disc 1),11
Garage Inc. (Disc 2),16
Get Born,13
Great Opera Choruses,1
Great Performances - Barber's Adagio and Other Romantic Favorites for Strings,1
Great Recordings of the Century - Mahler: Das Lied von der Erde,1
"Great Recordings of the Century - Shubert: Schwanengesang, 4 Lieder",1
Great Recordings of the Century: Paganini's 24 Caprices,1
Greatest Hits,57
Greatest Hits I,17
Greatest Hits II,17
Greatest Kiss,20
Green,11
Grieg: Peer Gynt Suites & Sibelius: Pelléas et Mélisande,1
Górecki: Symphony No. 3,1
Handel: Music for the Royal Fireworks (Original Version 1749),1
Handel: The Messiah (Highlights),1
Haydn: Symphonies 99 - 104,1
Heart of the Night,12
"Heroes, Season 1",23
"Holst: The Planets, Op. 32 & Vaughan Williams: Fantasies",1
"Hot Rocks, 1964-1971 (Disc 1)",12
House of Pain,19
Houses Of The Holy,8
How To Dismantle An Atomic Bomb,11
IV,8
In Step,10
In Through The Out Door,7
In Your Honor [Disc 1],10
In Your Honor [Disc 2],10
Instant Karma: The Amnesty International Campaign to Save Darfur,23
International Superhits,21
Into The Light,12
Iron Maiden,9
"J.S. Bach: Chaconne, Suite in E Minor, Partita in E Major & Prelude, Fugue and Allegro",1
Jagged Little Pill,13
Jorge Ben Jor 25 Anos,14
Jota Quest-1995,12
Judas 0: B-Sides and Rarities,16
Kill 'Em All,10
Killers,10
King For A Day Fool For A Lifetime,15
Knocking at Your Back Door: The Best Of Deep Purple in the 80's,11
Koyaanisqatsi (Soundtrack from the Motion Picture),1
"LOST, Season 4",17
Led Zeppelin I,9
Led Zeppelin II,9
Led Zeppelin III,10
Let There Be Rock,8
Liszt - 12 Études D'Execution Transcendante,1
Live After Death,18
Live At Donington 1992 (Disc 1),10
Live At Donington 1992 (Disc 2),10
Live On Two Legs [Live],16
Live [Disc 1],10
Live [Disc 2],9
Living After Midnight,16
Load,14
"Locatelli: Concertos for Violin, Strings and Continuo, Vol. 3",1
"Lost, Season 1",25
"Lost, Season 2",24
"Lost, Season 3",26
Lulu Santos - RCA 100 Anos De Música - Álbum 01,14
Lulu Santos - RCA 100 Anos De Música - Álbum 02,14
MK III The Final Concerts [Disc 1],7
Machine Head,7
Mais Do Mesmo,16
Maquinarama,12
Mascagni: Cavalleria Rusticana,1
Master Of Puppets,8
Mendelssohn: A Midsummer Night's Dream,1
Meus Momentos,14
Mezmerize,11
Miles Ahead,14
Milton Nascimento Ao Vivo,13
Minas,13
Minha Historia,34
Minha História,14
Misplaced Childhood,10
Monteverdi: L'Orfeo,1
Morning Dance,9
Motley Crue Greatest Hits,17
Mozart Gala: Famous Arias,1
Mozart: Chamber Music,1
Mozart: Symphonies Nos. 40 & 41,1
Mozart: Wind Concertos,1
Muso Ko,2
My Generation - The Very Best Of The Who,20
My Way: The Best Of Frank Sinatra [Disc 1],24
Na Pista,10
Nevermind,12
New Adventures In Hi-Fi,14
News Of The World,11
Nielsen: The Six Symphonies,1
No More Tears (Remastered),2
No Prayer For The Dying,10
No Security,14
O Samba Poconé,11
Olodum,14
One By One,11
Original Soundtracks 1,14
Os Cães Ladram Mas A Caravana Não Pára,16
Out Of Exile,12
Out Of Time,11
Outbreak,9
Pachelbel: Canon & Gigue,1
Palestrina: Missa Papae Marcelli & Allegri: Miserere,1
Pavarotti's Opera Made Easy,1
Pearl Jam,13
Physical Graffiti [Disc 1],6
Physical Graffiti [Disc 2],9
Piece Of Mind,9
Plays Metallica By Four Cellos,8
Pop,12
Powerslave,8
Prenda Minha,18
Presence,7
Prokofiev: Romeo & Juliet,1
Prokofiev: Symphony No.1,1
Prokofiev: Symphony No.5 & Stravinksy: Le Sacre Du Printemps,1
Puccini: Madama Butterfly - Highlights,1
Purcell: Music for the Queen Mary,1
Purcell: The Fairy Queen,1
"Pure Cult: The Best Of The Cult (For Rockers, Ravers, Lovers & Sinners) [UK]",18
Purpendicular,12
Quanta Gente Veio Ver (Live),15
Quanta Gente Veio ver--Bônus De Carnaval,3
Quiet Songs,2
Radio Brasil (O Som da Jovem Vanguarda) - Seleccao de Henrique Amaro,17
Rattle And Hum,17
Raul Seixas,14
ReLoad,13
Realize,2
Respighi:Pines of Rome,1
Restless and Wild,3
Retrospective I (1974-1980),14
Revelations,14
Ride The Lightning,8
Riot Act,15
Rock In Rio [CD1],10
Rock In Rio [CD2],9
Roda De Funk,16
Rotten Apples: Greatest Hits,18
SCRIABIN: Vers la flamme,1
Sambas De Enredo 2001,14
Santana - As Years Go By,8
Santana Live,6
Scheherazade,1
Schubert: The Late String Quartets & String Quintet (3 CD's),1
Seek And Shall Find: More Of The Best (1963-1981),18
Serie Sem Limite (Disc 1),15
Serie Sem Limite (Disc 2),15
Seventh Son of a Seventh Son,8
Sex Machine,20
Sibelius: Finlandia,1
Sir Neville Marriner: A Celebration,1
Slaves And Masters,9
Somewhere in Time,8
South American Getaway,1
Sozinho Remix Ao Vivo,3
Speak of the Devil,12
St. Anger,11
Stormbringer,9
Strauss: Waltzes,1
Supernatural,13
Surfing with the Alien (Remastered),10
Synkronized,11
"Szymanowski: Piano Works, Vol. 1",1
Tangents,15
"Tchaikovsky: 1812 Festival Overture, Op.49, Capriccio Italien & Beethoven: Wellington's Victory",1
Tchaikovsky: The Nutcracker,1
Temple of the Dog,10
Ten,11
The Battle Rages On,10
The Beast Live,10
The Best Of 1980-1990,14
The Best Of Billy Cobham,8
The Best Of Buddy Guy - The Millenium Collection,11
The Best Of Men At Work,10
The Best Of R.E.M.: The IRS Years,16
"The Best Of Van Halen, Vol. I",17
The Best of Beethoven,1
The Best of Ed Motta,14
The Colour And The Shape,13
The Cream Of Clapton,18
The Doors,11
The Essential Miles Davis [Disc 1],13
The Essential Miles Davis [Disc 2],10
The Final Concerts (Disc 2),4
The Last Night of the Proms,1
The Number of The Beast,8
"The Office, Season 1",6
"The Office, Season 2",22
"The Office, Season 3",25
The Police Greatest Hits,14
The Real Thing,11
The Return Of The Space Cowboy,11
The Singles,18
The Song Remains The Same (Disc 1),5
The Song Remains The Same (Disc 2),4
The Ultimate Relexation Album,1
The World of Classical Favourites,2
The X Factor,11
Transmission,11
Tribute,14
UB40 The Best Of - Volume Two [UK],14
Un-Led-Ed,1
Unplugged,30
Unplugged [Live],15
Up An' Atom,22
Use Your Illusion I,16
Use Your Illusion II,14
Van Halen,11
Van Halen III,12
Vault: Def Leppard's Greatest Hits,16
Vinicius De Moraes,15
Vinícius De Moraes - Sem Limite,15
Virtual XI,8
Vivaldi: The Four Seasons,1
Volume Dois,16
Voodoo Lounge,15
Vozes do MPB,14
Vs.,12
Wagner: Favourite Overtures,1
Walking Into Clarksdale,12
War,10
Warner 25 Anos,14
Weill: The Seven Deadly Sins,1
Worlds,1
Zooropa,10
[1997] Black Light Syndrome,7
